{
    "boost": {
      "sounds": [
        "suit/boost"
      ],
      "category": "player"
    },
    "invincible_theme": {
      "sounds": [
        "suit/invincible_theme"
      ],
      "category": "player"
    },
    "invincible_whosnext": {
      "sounds": [
        "suit/invincible_whosnext"
      ],
      "category": "player"
    },
    "speed_wind": {
      "sounds": [
        "suit/speed_wind"
      ],
      "category": "player"
    },
    "omni_man_theme": {
      "sounds": [
        "suit/omni_man_theme"
      ],
      "category": "player"
    },
    "think_you_can_hide": {
      "sounds": [
        "suit/think_you_can_hide"
      ],
      "category": "player"
    },
    "think_mark": {
      "sounds": [
        "suit/think_mark"
      ],
      "category": "player"
    }
}